code,period,date,open,high,low,close,volume,amount,adj_factor
sh.600000,1d,2026-01-05,9.9700,10.0200,9.9000,9.9500,100000,995000.0000,1
sh.600000,1d,2026-01-06,10.0000,10.0900,9.9500,10.0400,100100,1005004.0000,1
sh.600000,1d,2026-01-07,10.0300,10.1200,9.9800,10.0700,100200,1009014.0000,1
sh.600000,1d,2026-01-08,10.0600,10.1100,9.9900,10.0400,100300,1007012.0000,1
sh.600000,1d,2026-01-09,10.0900,10.1800,10.0400,10.1300,100400,1017052.0000,1
sh.600000,1d,2026-01-12,10.1200,10.2100,10.0700,10.1600,100500,1021080.0000,1
sh.600000,1d,2026-01-13,10.1500,10.2000,10.0800,10.1300,100600,1019078.0000,1
sh.600000,1d,2026-01-14,10.1100,10.2000,10.0600,10.1500,100700,1022105.0000,1
sh.600000,1d,2026-01-15,10.1400,10.2300,10.0900,10.1800,100800,1026144.0000,1
sh.600000,1d,2026-01-16,10.1700,10.2200,10.1000,10.1500,100900,1024135.0000,1
sh.600000,1d,2026-01-19,10.2000,10.2900,10.1500,10.2400,101000,1034240.0000,1
sh.600000,1d,2026-01-20,10.2300,10.3200,10.1800,10.2700,101100,1038297.0000,1
sh.600000,1d,2026-01-21,10.2600,10.3100,10.1900,10.2400,101200,1036288.0000,1
sh.600000,1d,2026-01-22,10.2900,10.3800,10.2400,10.3300,101300,1046429.0000,1
sh.600000,1d,2026-01-23,10.2500,10.3400,10.2000,10.2900,101400,1043406.0000,1
sh.600000,1d,2026-01-26,10.2800,10.3300,10.2100,10.2600,101500,1041390.0000,1
sh.600000,1d,2026-01-27,10.3100,10.4000,10.2600,10.3500,101600,1051560.0000,1
sh.600000,1d,2026-01-28,10.3400,10.4300,10.2900,10.3800,101700,1055646.0000,1
sh.600000,1d,2026-01-29,10.3700,10.4200,10.3000,10.3500,101800,1053630.0000,1
sh.600000,1d,2026-01-30,10.4000,10.4900,10.3500,10.4400,101900,1063836.0000,1
sh.600000,1d,2026-02-02,10.4300,10.5200,10.3800,10.4700,102000,1067940.0000,1
sh.600000,1d,2026-02-03,10.3900,10.4400,10.3200,10.3700,102100,1058777.0000,1
sh.600000,1d,2026-02-04,10.4200,10.5100,10.3700,10.4600,102200,1069012.0000,1
sh.600000,1d,2026-02-05,10.4500,10.5400,10.4000,10.4900,102300,1073127.0000,1
sh.600000,1d,2026-02-06,10.4800,10.5300,10.4100,10.4600,102400,1071104.0000,1
sh.600000,1d,2026-02-09,10.5100,10.6000,10.4600,10.5500,102500,1081375.0000,1
sh.600000,1d,2026-02-10,10.5400,10.6300,10.4900,10.5800,102600,1085508.0000,1
sh.600000,1d,2026-02-11,10.5700,10.6200,10.5000,10.5500,102700,1083485.0000,1
sh.600000,1d,2026-02-12,10.5300,10.6200,10.4800,10.5700,102800,1086596.0000,1
sh.600000,1d,2026-02-13,10.5600,10.6500,10.5100,10.6000,102900,1090740.0000,1
sh.600000,1d,2026-02-16,10.5900,10.6400,10.5200,10.5700,103000,1088710.0000,1
sh.600000,1d,2026-02-17,10.6200,10.7100,10.5700,10.6600,103100,1099046.0000,1
sh.600000,1d,2026-02-18,10.6500,10.7400,10.6000,10.6900,103200,1103208.0000,1
sh.600000,1d,2026-02-19,10.6800,10.7300,10.6100,10.6600,103300,1101178.0000,1
sh.600000,1d,2026-02-20,10.7100,10.8000,10.6600,10.7500,103400,1111550.0000,1
sh.600000,1d,2026-02-23,10.6700,10.7600,10.6200,10.7100,103500,1108485.0000,1
sh.600000,1d,2026-02-24,10.7000,10.7500,10.6300,10.6800,103600,1106448.0000,1
sh.600000,1d,2026-02-25,10.7300,10.8200,10.6800,10.7700,103700,1116849.0000,1
sh.600000,1d,2026-02-26,10.7600,10.8500,10.7100,10.8000,103800,1121040.0000,1
sh.600000,1d,2026-02-27,10.7900,10.8400,10.7200,10.7700,103900,1119003.0000,1
sh.600000,1d,2026-03-02,10.8200,10.9100,10.7700,10.8600,104000,1129440.0000,1
sh.600000,1d,2026-03-03,10.8500,10.9400,10.8000,10.8900,104100,1133649.0000,1
sh.600000,1d,2026-03-04,10.8100,10.8600,10.7400,10.7900,104200,1124318.0000,1
sh.600000,1d,2026-03-05,10.8400,10.9300,10.7900,10.8800,104300,1134784.0000,1
sh.600000,1d,2026-03-06,10.8700,10.9600,10.8200,10.9100,104400,1139004.0000,1
sh.600000,1d,2026-03-09,10.9000,10.9500,10.8300,10.8800,104500,1136960.0000,1
sh.600000,1d,2026-03-10,10.9300,11.0200,10.8800,10.9700,104600,1147462.0000,1
sh.600000,1d,2026-03-11,10.9600,11.0500,10.9100,11.0000,104700,1151700.0000,1
sh.600000,1d,2026-03-12,10.9900,11.0400,10.9200,10.9700,104800,1149656.0000,1
sh.600000,1d,2026-03-13,10.9500,11.0400,10.9000,10.9900,104900,1152851.0000,1
sh.600000,1d,2026-03-16,10.9800,11.0700,10.9300,11.0200,105000,1157100.0000,1
sh.600000,1d,2026-03-17,11.0100,11.0600,10.9400,10.9900,105100,1155049.0000,1
sh.600000,1d,2026-03-18,11.0400,11.1300,10.9900,11.0800,105200,1165616.0000,1
sh.600000,1d,2026-03-19,11.0700,11.1600,11.0200,11.1100,105300,1169883.0000,1
sh.600000,1d,2026-03-20,11.1000,11.1500,11.0300,11.0800,105400,1167832.0000,1
sh.600000,1d,2026-03-23,11.1300,11.2200,11.0800,11.1700,105500,1178435.0000,1
sh.600000,1d,2026-03-24,11.0900,11.1800,11.0400,11.1300,105600,1175328.0000,1
sh.600000,1d,2026-03-25,11.1200,11.1700,11.0500,11.1000,105700,1173270.0000,1
sh.600000,1d,2026-03-26,11.1500,11.2400,11.1000,11.1900,105800,1183902.0000,1
sh.600000,1d,2026-03-27,11.1800,11.2700,11.1300,11.2200,105900,1188198.0000,1
sh.600000,1d,2026-03-30,11.2100,11.2600,11.1400,11.1900,106000,1186140.0000,1
sh.600000,1d,2026-03-31,11.2400,11.3300,11.1900,11.2800,106100,1196808.0000,1
sh.600000,1d,2026-04-01,11.2700,11.3600,11.2200,11.3100,106200,1201122.0000,1
sh.600000,1d,2026-04-02,11.2300,11.2800,11.1600,11.2100,106300,1191623.0000,1
sh.600000,1d,2026-04-03,11.2600,11.3500,11.2100,11.3000,106400,1202320.0000,1
sh.600000,1d,2026-04-06,11.2900,11.3800,11.2400,11.3300,106500,1206645.0000,1
sh.600000,1d,2026-04-07,11.3200,11.3700,11.2500,11.3000,106600,1204580.0000,1
sh.600000,1d,2026-04-08,11.3500,11.4400,11.3000,11.3900,106700,1215313.0000,1
sh.600000,1d,2026-04-09,11.3800,11.4700,11.3300,11.4200,106800,1219656.0000,1
sh.600000,1d,2026-04-10,11.4100,11.4600,11.3400,11.3900,106900,1217591.0000,1
sh.600000,1d,2026-04-13,11.3700,11.4600,11.3200,11.4100,107000,1220870.0000,1
sh.600000,1d,2026-04-14,11.4000,11.4900,11.3500,11.4400,107100,1225224.0000,1
sh.600000,1d,2026-04-15,11.4300,11.4800,11.3600,11.4100,107200,1223152.0000,1
sh.600000,1d,2026-04-16,11.4600,11.5500,11.4100,11.5000,107300,1233950.0000,1
sh.600000,1d,2026-04-17,11.4900,11.5800,11.4400,11.5300,107400,1238322.0000,1
sh.600000,1d,2026-04-20,11.5200,11.5700,11.4500,11.5000,107500,1236250.0000,1
sh.600000,1d,2026-04-21,11.5500,11.6400,11.5000,11.5900,107600,1247084.0000,1
sh.600000,1d,2026-04-22,11.5100,11.6000,11.4600,11.5500,107700,1243935.0000,1
sh.600000,1d,2026-04-23,11.5400,11.5900,11.4700,11.5200,107800,1241856.0000,1
sh.600000,1d,2026-04-24,11.5700,11.6600,11.5200,11.6100,107900,1252719.0000,1
sh.510300,1d,2026-01-05,3.9700,4.0200,3.9000,3.9500,100000,395000.0000,1
sh.510300,1d,2026-01-06,4.0000,4.0900,3.9500,4.0400,100100,404404.0000,1
sh.510300,1d,2026-01-07,4.0300,4.1200,3.9800,4.0700,100200,407814.0000,1
sh.510300,1d,2026-01-08,4.0600,4.1100,3.9900,4.0400,100300,405212.0000,1
sh.510300,1d,2026-01-09,4.0900,4.1800,4.0400,4.1300,100400,414652.0000,1
sh.510300,1d,2026-01-12,4.1200,4.2100,4.0700,4.1600,100500,418080.0000,1
sh.510300,1d,2026-01-13,4.1500,4.2000,4.0800,4.1300,100600,415478.0000,1
sh.510300,1d,2026-01-14,4.1100,4.2000,4.0600,4.1500,100700,417905.0000,1
sh.510300,1d,2026-01-15,4.1400,4.2300,4.0900,4.1800,100800,421344.0000,1
sh.510300,1d,2026-01-16,4.1700,4.2200,4.1000,4.1500,100900,418735.0000,1
sh.510300,1d,2026-01-19,4.2000,4.2900,4.1500,4.2400,101000,428240.0000,1
sh.510300,1d,2026-01-20,4.2300,4.3200,4.1800,4.2700,101100,431697.0000,1
sh.510300,1d,2026-01-21,4.2600,4.3100,4.1900,4.2400,101200,429088.0000,1
sh.510300,1d,2026-01-22,4.2900,4.3800,4.2400,4.3300,101300,438629.0000,1
sh.510300,1d,2026-01-23,4.2500,4.3400,4.2000,4.2900,101400,435006.0000,1
sh.510300,1d,2026-01-26,4.2800,4.3300,4.2100,4.2600,101500,432390.0000,1
sh.510300,1d,2026-01-27,4.3100,4.4000,4.2600,4.3500,101600,441960.0000,1
sh.510300,1d,2026-01-28,4.3400,4.4300,4.2900,4.3800,101700,445446.0000,1
sh.510300,1d,2026-01-29,4.3700,4.4200,4.3000,4.3500,101800,442830.0000,1
sh.510300,1d,2026-01-30,4.4000,4.4900,4.3500,4.4400,101900,452436.0000,1
sh.510300,1d,2026-02-02,4.4300,4.5200,4.3800,4.4700,102000,455940.0000,1
sh.510300,1d,2026-02-03,4.3900,4.4400,4.3200,4.3700,102100,446177.0000,1
sh.510300,1d,2026-02-04,4.4200,4.5100,4.3700,4.4600,102200,455812.0000,1
sh.510300,1d,2026-02-05,4.4500,4.5400,4.4000,4.4900,102300,459327.0000,1
sh.510300,1d,2026-02-06,4.4800,4.5300,4.4100,4.4600,102400,456704.0000,1
sh.510300,1d,2026-02-09,4.5100,4.6000,4.4600,4.5500,102500,466375.0000,1
sh.510300,1d,2026-02-10,4.5400,4.6300,4.4900,4.5800,102600,469908.0000,1
sh.510300,1d,2026-02-11,4.5700,4.6200,4.5000,4.5500,102700,467285.0000,1
sh.510300,1d,2026-02-12,4.5300,4.6200,4.4800,4.5700,102800,469796.0000,1
sh.510300,1d,2026-02-13,4.5600,4.6500,4.5100,4.6000,102900,473340.0000,1
sh.510300,1d,2026-02-16,4.5900,4.6400,4.5200,4.5700,103000,470710.0000,1
sh.510300,1d,2026-02-17,4.6200,4.7100,4.5700,4.6600,103100,480446.0000,1
sh.510300,1d,2026-02-18,4.6500,4.7400,4.6000,4.6900,103200,484008.0000,1
sh.510300,1d,2026-02-19,4.6800,4.7300,4.6100,4.6600,103300,481378.0000,1
sh.510300,1d,2026-02-20,4.7100,4.8000,4.6600,4.7500,103400,491150.0000,1
sh.510300,1d,2026-02-23,4.6700,4.7600,4.6200,4.7100,103500,487485.0000,1
sh.510300,1d,2026-02-24,4.7000,4.7500,4.6300,4.6800,103600,484848.0000,1
sh.510300,1d,2026-02-25,4.7300,4.8200,4.6800,4.7700,103700,494649.0000,1
sh.510300,1d,2026-02-26,4.7600,4.8500,4.7100,4.8000,103800,498240.0000,1
sh.510300,1d,2026-02-27,4.7900,4.8400,4.7200,4.7700,103900,495603.0000,1
sh.510300,1d,2026-03-02,4.8200,4.9100,4.7700,4.8600,104000,505440.0000,1
sh.510300,1d,2026-03-03,4.8500,4.9400,4.8000,4.8900,104100,509049.0000,1
sh.510300,1d,2026-03-04,4.8100,4.8600,4.7400,4.7900,104200,499118.0000,1
sh.510300,1d,2026-03-05,4.8400,4.9300,4.7900,4.8800,104300,508984.0000,1
sh.510300,1d,2026-03-06,4.8700,4.9600,4.8200,4.9100,104400,512604.0000,1
sh.510300,1d,2026-03-09,4.9000,4.9500,4.8300,4.8800,104500,509960.0000,1
sh.510300,1d,2026-03-10,4.9300,5.0200,4.8800,4.9700,104600,519862.0000,1
sh.510300,1d,2026-03-11,4.9600,5.0500,4.9100,5.0000,104700,523500.0000,1
sh.510300,1d,2026-03-12,4.9900,5.0400,4.9200,4.9700,104800,520856.0000,1
sh.510300,1d,2026-03-13,4.9500,5.0400,4.9000,4.9900,104900,523451.0000,1
sh.510300,1d,2026-03-16,4.9800,5.0700,4.9300,5.0200,105000,527100.0000,1
sh.510300,1d,2026-03-17,5.0100,5.0600,4.9400,4.9900,105100,524449.0000,1
sh.510300,1d,2026-03-18,5.0400,5.1300,4.9900,5.0800,105200,534416.0000,1
sh.510300,1d,2026-03-19,5.0700,5.1600,5.0200,5.1100,105300,538083.0000,1
sh.510300,1d,2026-03-20,5.1000,5.1500,5.0300,5.0800,105400,535432.0000,1
sh.510300,1d,2026-03-23,5.1300,5.2200,5.0800,5.1700,105500,545435.0000,1
sh.510300,1d,2026-03-24,5.0900,5.1800,5.0400,5.1300,105600,541728.0000,1
sh.510300,1d,2026-03-25,5.1200,5.1700,5.0500,5.1000,105700,539070.0000,1
sh.510300,1d,2026-03-26,5.1500,5.2400,5.1000,5.1900,105800,549102.0000,1
sh.510300,1d,2026-03-27,5.1800,5.2700,5.1300,5.2200,105900,552798.0000,1
sh.510300,1d,2026-03-30,5.2100,5.2600,5.1400,5.1900,106000,550140.0000,1
sh.510300,1d,2026-03-31,5.2400,5.3300,5.1900,5.2800,106100,560208.0000,1
sh.510300,1d,2026-04-01,5.2700,5.3600,5.2200,5.3100,106200,563922.0000,1
sh.510300,1d,2026-04-02,5.2300,5.2800,5.1600,5.2100,106300,553823.0000,1
sh.510300,1d,2026-04-03,5.2600,5.3500,5.2100,5.3000,106400,563920.0000,1
sh.510300,1d,2026-04-06,5.2900,5.3800,5.2400,5.3300,106500,567645.0000,1
sh.510300,1d,2026-04-07,5.3200,5.3700,5.2500,5.3000,106600,564980.0000,1
sh.510300,1d,2026-04-08,5.3500,5.4400,5.3000,5.3900,106700,575113.0000,1
sh.510300,1d,2026-04-09,5.3800,5.4700,5.3300,5.4200,106800,578856.0000,1
sh.510300,1d,2026-04-10,5.4100,5.4600,5.3400,5.3900,106900,576191.0000,1
sh.510300,1d,2026-04-13,5.3700,5.4600,5.3200,5.4100,107000,578870.0000,1
sh.510300,1d,2026-04-14,5.4000,5.4900,5.3500,5.4400,107100,582624.0000,1
sh.510300,1d,2026-04-15,5.4300,5.4800,5.3600,5.4100,107200,579952.0000,1
sh.510300,1d,2026-04-16,5.4600,5.5500,5.4100,5.5000,107300,590150.0000,1
sh.510300,1d,2026-04-17,5.4900,5.5800,5.4400,5.5300,107400,593922.0000,1
sh.510300,1d,2026-04-20,5.5200,5.5700,5.4500,5.5000,107500,591250.0000,1
sh.510300,1d,2026-04-21,5.5500,5.6400,5.5000,5.5900,107600,601484.0000,1
sh.510300,1d,2026-04-22,5.5100,5.6000,5.4600,5.5500,107700,597735.0000,1
sh.510300,1d,2026-04-23,5.5400,5.5900,5.4700,5.5200,107800,595056.0000,1
sh.510300,1d,2026-04-24,5.5700,5.6600,5.5200,5.6100,107900,605319.0000,1
